<?xml version="1.0" encoding="UTF-8"?>
<project-private xmlns="http://www.netbeans.org/ns/project-private/1">
    <editor-bookmarks xmlns="http://www.netbeans.org/ns/editor-bookmarks/2" lastBookmarkId="0"/>
    <open-files xmlns="http://www.netbeans.org/ns/projectui-open-files/2">
        <group>
            <file>file:/Users/Jerad/NetBeansProjects/SalinasGonzalezPrograma2/src/edu/uaz/poo2/basedatos/ConectorBaseDeDatos.java</file>
            <file>file:/Users/Jerad/NetBeansProjects/SalinasGonzalezPrograma2/src/edu/uaz/poo2/clientesrest/ClienteCarrera.java</file>
            <file>file:/Users/Jerad/NetBeansProjects/SalinasGonzalezPrograma2/src/edu/uaz/poo2/gui/GUIControlEscolar.java</file>
            <file>file:/Users/Jerad/NetBeansProjects/SalinasGonzalezPrograma2/src/edu/uaz/poo2/clientesrest/ClienteMateria.java</file>
        </group>
    </open-files>
</project-private>
